{
    "required": true,
    "package": "fi.dy.masa.litematica.mixin",
    "compatibilityLevel": "JAVA_8",
    "minVersion": "0.7",
    "client": [
        "IMixinChunkDeltaUpdateS2CPacket",
        "IMixinFenceGateBlock",
        "IMixinHandledScreen",
        "IMixinRedstoneWireBlock",
        "IMixinStairsBlock",
        "IMixinVineBlock",
        "MixinBlock",
        "MixinBlockItem",
        "MixinBlockStateFlattening",
        "MixinClientPlayNetworkHandler",
        "MixinClientWorld",
        "MixinDebugHud",
        "MixinHandledScreen",
        "MixinIntegratedServer",
        "MixinMinecraftClient",
        "MixinModelOverride",
        "MixinRailBlocks",
        "MixinWorld",
        "MixinWorldChunk",
        "MixinWorldRenderer"
    ],
    "injectors": {
        "defaultRequire": 1
    }
}
