{
	"required": true,
	"package": "fi.dy.masa.litematica.mixin",
	"compatibilityLevel": "JAVA_17",
	"minVersion": "0.8",
	"client": [
		"IMixinChunkDeltaUpdateS2CPacket",
		"IMixinFenceGateBlock",
		"IMixinHandledScreen",
		"IMixinRedstoneWireBlock",
		"IMixinSignBlockEntity",
		"IMixinStairsBlock",
		"IMixinVineBlock",
		"IMixinWorldTickScheduler",
		"MixinBlock",
		"MixinBlockItem",
		"MixinBlockStateFlattening",
		"MixinClientPlayNetworkHandler",
		"MixinClientWorld",
		"MixinDebugHud",
		"MixinHandledScreen",
		"MixinIntegratedServer",
		"MixinMinecraftClient",
		"MixinModelOverrideList",
		"MixinRailBlocks",
		"MixinServerPlayNetworkHandler",
		"MixinSignEditScreen",
		"MixinWorld",
		"MixinWorldChunk",
		"MixinWorldRenderer"
	],
	"injectors": {
		"defaultRequire": 1
	}
}
